[
    {
        "title": "KALKI 2898AD",
        "description": "A thrilling sci-fi adventure set in the year 2898 AD, where humanity faces unprecedented challenges and a hero rises to restore hope.",
        "cast": [
            {
                "name": "Actor A",
                "photo": "https://example.com/photo_actor_a.jpg"
            },
            {
                "name": "Actor B",
                "photo": "https://example.com/photo_actor_b.jpg"
            },
            {
                "name": "Actor C",
                "photo": "https://example.com/photo_actor_c.jpg"
            }
        ],
        "poster": "https://pbs.twimg.com/profile_images/1812787806948749312/TwRA-xYf_400x400.jpg",
        "rating": "9.1/10",
        "review": "A thrilling sci-fi adventure set in the future.",
        "trailer": "<iframe width='560' height='315' src='https://www.youtube.com/embed/trailer_kalki_2898ad' title='KALKI 2898AD Trailer' frameborder='0' allowfullscreen></iframe>"
    },
    {
        "title": "Sariphodaa Sanivaaram",
        "description": "An action-packed drama about loyalty and betrayal, where two friends face intense trials on their journey through dangerous encounters.",
        "cast": [
            {
                "name": "Actor X",
                "photo": "https://example.com/photo_actor_x.jpg"
            },
            {
                "name": "Actor Y",
                "photo": "https://example.com/photo_actor_y.jpg"
            }
        ],
        "poster": "https://assets-in.bmscdn.com/iedb/movies/images/mobile/thumbnail/xlarge/saripodhaa-sanivaaram-et00388631-1724078891.jpg",
        "rating": "8.8/10",
        "review": "Action-packed drama with intense moments.",
        "trailer": "<iframe width='560' height='315' src='https://www.youtube.com/embed/trailer_sariphodaa_sanivaaram' title='Sariphodaa Sanivaaram Trailer' frameborder='0' allowfullscreen></iframe>"
    },
    {
        "title": "MAHARAJA",
        "description": "A compelling story set in royal India, following the journey of a king caught between tradition and modernization in a struggle for power and survival.",
        "cast": [
            {
                "name": "Actor L",
                "photo": "https://example.com/photo_actor_l.jpg"
            },
            {
                "name": "Actor M",
                "photo": "https://example.com/photo_actor_m.jpg"
            }
        ],
        "poster": "https://miro.medium.com/v2/resize:fit:902/1*zQIqbb61gj4xp925tf4N9w.jpeg",
        "rating": "9.0/10",
        "review": "A story of power and ambition in royal India.",
        "trailer": "<iframe width='560' height='315' src='https://www.youtube.com/embed/trailer_maharaja' title='MAHARAJA Trailer' frameborder='0' allowfullscreen></iframe>"
    }
]
